PlayerName,PlayerNick,has_alias,description
1043-6020,gofot,,
1065-9658,osher25,,
1073-4522,Bangi18,,
1107-4171,asraf tak,,
1129-8065,just mazal,,
1188-3002,Ai_connection,,
1194-6103,Balatagdola,,
1277-8189,haim1976,,
1289-3925,Maayang0904,,
1311-4596,Yk83,,
1311-6787,roybenezra,,
1324-7633,Goni55555,,
1332-6371,asirizla,,
1364-0474,DoNinja,,
1473-1820,Federer05,,
1497-1349,Star539,,
1500-0296,zina1107,,
1511-4938,Kobikobi0,,
1524-6285,BAMBA11122,,
1556-3720,Tomeriko11,,
1573-1410,Davidy,,
1590-2030,Mr thankyou,,
1606-0191,mikos1306,,
1651-2538,tan tilcham,,
1665-3595,Jirba,,
1680-7588,Mr bo1,,
1685-8816,GORILA,,
1687-2963,AdamNv,,
1690-4333,sharon king,,
1718-7948,Tal52,,
1737-2733,FLOKI A DREAMER,,
1775-5860,SendMessages,,
1797-1325,Always in tilt@,,
1810-6592,Apollo creed123,,
1879-6107,Asoosi,,
1904-3445,ShovalZr,,
1905-2704,izo77,,
1913-4571,kobi99kkk,,
1915-3903,Bot Albart,,
1941-9146,babunika,,
2016-8040,motisho,,
2063-3466,ShukVortex,,
2063-6399,Kogomalo,,
2097-5562,Totem zzz1,,
2100-8041,BIBIDONY,,
2106-5903,onlyOnU,,
2121-1637,Dandiiiii,,
2123-6342,TaltolonTilt88,,
2126-4582,Julio6644,,
2131-9419,Tonyrrrr,,
2136-2331,xNSFWgg,,
2164-6526,Shigidigi,,
2241-0839,messi77L,,
2322-5519,Janglist,,
2411-2939,Agent CNX ISR,,
2422-2391,lo mker keev,,
2434-6836,Black Betty xxx,,
2464-1618,Postshawarma,,
2471-1723,Jone 1212,,
2473-8482,pais777,,
2485-2356,hila888,,
2486-5895,rockicards,,
2502-8412,Juggernaut1081,,
2517-3519,W_T_V_27,,
2553-3721,Maneeki neKo,,
2576-1945,Salvadorrr,,
2579-7035,BenZi23,,
2592-5898,BLTD,,
2605-5117,Last-Chanse,,
2614-3852,gimalifitt,,
2634-0368,messi1502,,
2663-3496,Z Z 7 7 Z Z,,
2691-6498,Jackharahara,,
2711-9285,jhonny489,,
2780-8099,Yankalle,,
2799-5402,Jovani111,,
2816-8089,Hashamen,,
2818-0437,thegreatgiraffe,,
2851-5365,Sayek1,,
2892-9371,bong33amnon,,
2936-3877,Miryamc,,
2952-4482,weee123445,,
2970-3292,Zamir Shtikim,,
2987-1339,Walterw12,,
3024-8545,Dominik2025,,
3047-6355,shaul5,,
3067-4220,Iback244,,
3111-8695,11001100,,
3143-2792,supertrump24,,
3149-1724,babaleh,,
3194-8359,pashosh4,,
3197-6473,Idolll@!,,
3234-0640,Nave14,,
3259-2509,P3259,,
3287-0910,Amitos111,,
3325-5896,P3325-5896,,
3335-3619,ZugKingBaflop,,
3339-4360,Liorco,,
3347-7205,Didioziel11,,
3351-8576,chk Norris,,
3368-1198,Niki212,,
3496-1518,BobyBoten99,,
3496-2759,Menidadon,,
3499-8088,DAG NAHASH,,
3521-4206,tobias21,,
3522-1816,trolling@,,
3532-1704,UNDER21X,,
3546-5429,The Smasher,,
3592-0174,P8440-5373,,
3698-1597,0505881927,,
3702-1062,6Cards,,
3704-9126,Misterloopi,,
3751-5647,MaorBuzaglo2,,
3752-5385,viviflotz,,
3840-8514,WillCallYou,,
3885-4192,Theman11,,
3887-2455,No nameee,,
3894-4182,Ani buldog,,
3907-7143,hypnussss,,
3911-0185,izi1674,,
3919-6217,Ooopsuy,,
3923-0463,yuda526,,
3953-4400,Fie1,,
4063-7454,optimii,,
4086-1753,Menashe12,,
4091-5284,Shambelsss,,
4127-7399,AnGrizman,,
4197-6543,Aladinnnxxx,,
4205-2358,Charlie Chaplin,,
4257-6637,7levadom7,,
4332-4495,thenlay,,
4359-3892,Vale13,,
4395-5982,DovKotev332,,
4405-5559,gugu242424,,
4406-1298,Mangisto San,,
4415-5468,Pablo120,,
4436-5222,Jinny1,,
4455-4278,P4455-4278,,
4492-0526,Kobi1992,,
4555-7749,P-TUG1,,
4594-1882,arbel7,,
4715-7167,uri0312,,
4741-4332,Nadavofi,,
4744-8528,Gal12344,,
4795-2711,MyAceYourFace,,
4845-3222,ibiza-town,,
4861-8782,klaf hazak,,
4863-0194,samihacaby,,
4889-6745,SUNAMII,,
4895-9339,kunilemel123,,
4933-9789,addiction55,,
4934-7213,Ortega78,,
4988-1303,bilbigirl,,
4997-6166,AviAsulin97,,
5031-6994,Bigass11,,
5070-8547,tom18 3,,
5071-1576,Rotem ZR1,,
5102-1435,Toys7,,
5125-2280,Melmel,,
5173-9706,risk OY,,
5189-7464,Mishak Hahaim,,
5215-4331,MozesMozes,,
5222-5943,YgundaM,,
5224-0382,The Best 1!!!,,
5268-1183,P2-KeA,,
5280-9874,P5280-9874,,
5313-2055,Aziliii,,
5332-3104,Benny Avsha,,
5334-3700,areinis,,
5348-1408,Poker78765,,
5371-9667,Ybanai,,
5380-2473,dims1981,,
5430-9590,keno67,,
5435-1866,Szsz1212,,
5494-8967,haziza7878,,
5509-0943,ChuckyBoo,,
5512-8148,gershon6,,
5551-3544,Nasihc,,
5553-2854,Artemidamoon,,
5572-8544,BigDarkHairy,,
5575-0823,Solyy,,
5585-6674,KababMan,,
5600-2824,Brhanu Tagnia67,,
5601-8888,python357,,
5616-2920,BananaLoti,,
5617-5263,Dovdov188,,
5637-1845,balgan1,,
5648-0534,srshar hamlec,,
5658-7711,rainhhh,,
5736-3412,blockerimjjj,,
5771-3692,Srlkillr,,
5810-0520,Yahlits1,,
5814-9935,pil shhpil,,
5824-8792,picabou,,
5836-8658,BanuLehamer,,
5878-1659,Joni hakavas,,
5929-6183,P5929-6183,,
5940-5898,koko eilat77,,
5961-7258,Bonzayka,,
5969-8630,rakhayom,,
5999-8404,yos0099,,
6068-8108,Yuval _,,
6097-0852,poker face11,,
6147-8822,kaikov,,
6156-3447,yoav karamani,,
6161-0628,elel israel1,,
6175-8229,ShulessQ,,
6186-1645,BituachLeumi28,,
6204-3554,david_netas,,
6208-1749,mabruk3,,
6236-0886,Bush1d0,,
6237-0036,O-sheMoshe,,
6237-1654,Harelt,,
6240-9707,partymaker,,
6377-2662,lior0582,,
6436-4851,Idan76,,
6447-2490,Ori Ben Eli,,
6449-7077,P6449-7077,,
6545-7706,nuninu!!!,,
6555-3298,Itayhaham32,,
6588-8544,Forunkul,,
6597-7939,Robloxxx3,,
6641-6034,eliorC,,
6651-7289,amgtt7,,
6657-9134,ofer levy,,
6659-4116,M0neyM@gn3t,,
6732-3251,Jordi337,,
6764-0569,Eser Bagova,,
6765-7324,Spacetron,,
6777-3968,zs1987,,
6780-9511,esteramlka30,,
6796-5627,ShumBatzal,,
6799-3797,SnekyPlay,,
6802-6416,P3RS3V3RANC3D,,
6814-6167,Jefry Basilicum,,
6857-4686,ladida123,,
6863-1129,ManorS,,
6886-9507,Bobo23,,
6894-4500,Jared Harper 1,,
6914-1152,JackpooTT,,
7002-5205,HapoelTelAvi,,
7018-7164,The_JokerrR,,
7040-5310,Ronenz,,
7076-0607,MrIsraClub,,
7150-8816,P7150-8816,,
7281-3147,orioro,,
7303-3041,Rtftr,,
7321-5021,popopopo123,,
7374-8621,lil nuts,,
7406-4315,Naim Halichot,,
7423-9147,Eliran Dahan,,
7455-7736,Mamaligaa,,
7463-8120,Israel Ben 9,,
7526-3392,Kenny777,,
7527-0632,07102023,,
7530-6556,Romanya21,,
7551-1930,AhShaliYakar,,
7558-9783,Ar1609,,
7568-4939,JoeMontana,,
7574-9718,GGMacAllen,,
7603-8324,guyt2003,,
7619-6361,jooki256,,
7631-6264,thepapa312,,
7664-3558,P7664-3558,,
7685-7204,salvador77,,
7721-9330,Hugoboss9,,
7725-9801,Chiko_1,,
7735-9320,never bluff1,,
7756-7120,Ido ben haim,,
7764-0111,conor mc2,,
7765-8663,the king716,,
7778-6823,Michaeladamo,,
7789-2358,sasi@12,,
7799-2627,Habibigever,,
7830-2108,NeymPtO,,
7830-6570,gg2gg,,
7845-5505,Pure-Gold,,
7860-3794,vovo45,,
7873-7916,dandan123!,,
7938-6790,joni krispi,,
7939-0785,Play with fire,,
8008-2409,SababaHamesh,,
8023-5810,chadudun,,
8067-0884,FomoJam,,
8070-8653,Raymia,,
8094-0832,Zorban,,
8097-6562,t3mer1978,,
8105-0701,Yosseboy,,
8120-5747,P8120-5747,,
8145-8563,sholi4003,,
8168-5558,Kalkala,,
8204-3228,AA@63,,
8269-8174,Milo416,,
8286-4856,inthegame67,,
8309-5994,Yuval556,,
8321-1286,P8321-1286,,
8400-5803,Izzygame,,
8401-3185,yalla!!!,,
8560-3948,AtzuvBaMinuss,,
8576-3447,Eliav golan,,
8598-9229,danaama,,
8606-3133,STRIIKE,,
8616-9275,P8616-9275,,
8641-8057,Hyastii,,
8669-6853,P8669-6853,,
8693-5948,Ag xxx,,
8711-0610,zavzav05,,
8727-3178,TrefTref,,
8762-4176,try2winifyoucan,,
8767-6727,Agadudu,,
8822-2105,HKC212,,
8920-2140,P8920-2140,,
8955-5041,haydaKK,,
8981-4879,Rocket 3,,
8995-8007,IWANTITALLPLZ!,,
9023-3385,Machluf10,,
9042-3212,YehoshuaParua,,
9048-6983,rial madrid,,
9081-4373,Shlomiz5678,,
9102-1230,abaohevvvv,,
9122-1317,bengbeng11,,
9131-0439,Wiz27,,
9131-8052,David chimouni,,
9196-6593,SexSAmimVhimuri,,
9258-0617,Elephant555,,
9266-7654,Yanai1221,,
9292-3083,AudiRS3-,,
9302-5291,Lhlb kosi,,
9303-3138,idan2cohen,,
9319-8709,e1l33,,
9339-6805,AnDenDino,,
9341-3702,joker4678,,
9349-8081,Simonadebisi,,
9358-2385,Rollly232,,
9373-1457,P9373-1457,,
9382-2135,DanielJa,,
9388-3728,BaalHabaiyt,,
9389-9513,freeTurn4me,,
9401-5618,lo nisbar,,
9417-8178,Movit1,,
9538-0168,BambaBisli11,,
9543-2478,Splinterboss,,
9568-7178,Sbdkk,,
9580-2571,Itayco18,,
9593-1236,Rensolo,,
9653-9699,hotech ahorlot,,
9773-6309,kms22,,
9774-7719,Zog2tov,,
9799-9171,TiltedMind,,
9860-0446,P9860-0446,,
9897-0031,buratino325,,
9938-3617,Driveshaft,,
9982-8473,potheadbenjamin,,
9992-1424,prulka325,,
9992-1866,Torini5,,
9999-3093,digital123,,
